agency_name,contractor,location,cost,purpose,completion_date,work_location,contract_number,contracting_activity
AIR FORCE,Lockheed Martin Rotary and Mission Systems,"Owego, New York","$88,380,255",overhaul of B-2 digital receiver and legacy defense message system,"April 16, 2034","Owego, New York",FA8119-24-D-0008,"Air Force Sustainment Center, Tinker Air Force Base, Oklahoma"
AIR FORCE,HRL Laboratories LLC,"Malibu, California","$26,991,707","Creating Arrays for Strategic elecTro-optical, proLiferated and Exquisite (CASTLE) program","July 19, 2029","Malibu, California",FA9453-24-C-X011,"Air Force Research Laboratory, Kirtland Air Force Base, New Mexico"
AIR FORCE,Stellar Sciences LLC,"Huntsville, Alabama","$24,940,816",Modeling Applications for Next-Tier Initiatives and Capabilities of Realistic Engagements,"April 18, 2029","Kirtland Air Force Base, New Mexico",FA9451-24-C-X018,"Air Force Research Laboratory Directed Energy Directorate, Kirtland Air Force Base, New Mexico"
AIR FORCE,Lockheed Martin Rotary and Mission Systems,"Owego, New York","$88,380,255",Overhaul of B-2 digital receiver and legacy defense message system,"April 16, 2034","Owego, New York",FA8119-24-D-0008,"Air Force Sustainment Center, Tinker Air Force Base, Oklahoma"
AIR FORCE,HRL Laboratories LLC,"Malibu, California","$26,991,707","Creating Arrays for Strategic elecTro-optical, proLiferated and Exquisite (CASTLE) program","July 19, 2029","Malibu, California",FA9453-24-C-X011,"Air Force Research Laboratory, Kirtland Air Force Base, New Mexico"
AIR FORCE,Stellar Sciences LLC,"Huntsville, Alabama","$24,940,816",Modeling Applications for Next-Tier Initiatives and Capabilities of Realistic Engagements,"April 18, 2029","Kirtland Air Force Base, New Mexico",FA9451-24-C-X018,"Air Force Research Laboratory Directed Energy Directorate, Kirtland Air Force Base, New Mexico"
AIR FORCE,BlueHalo,"Huntsville, Alabama","$24,476,289","Accelerating the advancement of the directed energy modeling, simulation and analysis, assessment expertise, and highly technical capabilities to safeguard strategic U.S. space interests.","March 31, 2029","Kirtland Air Force Base, New Mexico",FA9451-24-C-X022,"Air Force Research Laboratory Directed Energy Directorate, Kirtland AFB, New Mexico"
DEFENSE LOGISTICS AGENCY,Honeywell International Inc.,"Clearwater, Florida","$70,000,000",Produce spare parts in support of the Radar Altimeter Common Core APN-209 receiver transmitters and indicator receiver transmitters spares and repairs.,"Oct. 29, 2029",Not specified,SPRBL1-24-D-0007,"Defense Logistics Agency Land and Maritime, Aberdeen Proving Ground, Maryland"
DEFENSE LOGISTICS AGENCY,Fechheimer Brothers Co.,Illinois,"$16,355,700",men's uniform dress coats,"April 26, 2025",Illinois,SPE1C1-21-D-1466,"Defense Logistics Agency Troop Support, Philadelphia, Pennsylvania"
NAVY,Northrop Grumman Systems Corp.,"Melbourne, Florida","$26,219,305","Provide sustainment and technical support in support of E-2C/D aircraft common and unique requirements for the governments of France, Japan, Taiwan, and Egypt.",April 2025,"['Melbourne, Florida (59.9%)', 'Misawa, Japan (22.6%)', 'Dayton, Ohio (4.4%)', 'St. Augustine, Florida (4.3%)', 'Various locations within the continental U.S. (8.8%)']",N0001921F0889,"Naval Air Systems Command, Patuxent River, Maryland"
ARMY,Fordice Construction Co.,"Vicksburg, Mississippi","$21,900,000",casting articulated concrete mattress in the Mississippi River and tributaries,"Oct. 30, 2024","St. Francisville, Louisiana",W912P8-24-C-0011,"U.S. Army Corps of Engineers, New Orleans, Louisiana"
ARMY,Gensis 360 LLC,"Baton Rouge, Louisiana","$16,773,359",placement area improvements,"April 23, 2025","Galveston, Texas",W912HY-24-C-0002,"U.S. Army Corps of Engineers, Galveston, Texas"
DEFENSE ADVANCED RESEARCH PROJECTS AGENCY,BAE Systems Information and Electronic Systems Integration,"Merrimack, New Hampshire","$12,008,850","Strategic Chaos Engine for Planning, Tactics, Experimentation and Resiliency program",November 2025,"['Arlington, Virginia (45%)', 'Durham, North Carolina (15%)', 'Merrimack, New Hampshire (15%)', 'Burlington, Massachusetts (10%)', 'Santa Barbara, California (15%)']",HR001124C0422,Defense Advanced Research Projects Agency
DEFENSE ADVANCED RESEARCH PROJECTS AGENCY,"HRL Laboratories, LLC","Malibu, California","$9,331,775",Develop electrically small receivers and transmitters that exceed the current state of the art.,January 2028,"Malibu, California",HR0011-24-C-0399,"Defense Advanced Research Projects Agency, Arlington, Virginia"
NAVY,"['Airborne Tactical Advantage Co.', 'Coastal Defense Inc.*', 'Draken International Inc.*', 'Tactical Air Support Inc.']","['Newport News, Virginia', 'Mill Hall, Pennsylvania', 'Lakeland, Florida', 'Reno, Nevada', 'Cherry Point, North Carolina', 'Twentynine Palms, California', 'Fallon, Nevada']","$124,475,454","Provide continued air support services to include regionally based, geographically distributed aviation training capabilities to support adversary and offensive air support for the Navy and Marine Corp.",April 2029,"['Cherry Point, North Carolina (35%)', 'Twentynine Palms, California (35%)', 'Fallon, Nevada (30%)']","['N0042119D0058', 'N0042119D0059', 'N00042119D0060', 'N00042119D0061']","Naval Air Warfare Center Aircraft Division, Patuxent River, Maryland"
NAVY,"Huntington Ingalls, Inc.","Newport News, Virginia","$120,300,000",Quality-of-Service Improvements Incentive for Navy Sailors,April 2026,"Newport News, Virginia",N00024-16-C-2116,"Naval Sea Systems Command, Washington, D.C."
NAVY,"Lockheed Martin Corp., Lockheed Martin Aeronautics Co.,","Fort Worth, Texas","$30,719,215","procurement of material modification kits, special test/tooling equipment, and seeds necessary to support F-35 Joint Strike Fighter aircraft retrofit and modification efforts",March 2028,"Fort Worth, Texas",N0001923F0002,"Naval Air Systems Command, Patuxent River, Maryland"
NAVY,HPI Federal LLC,"Washington, D.C.","$25,008,543",procurement of general-purpose laptops with warranties and docking stations,"Sept. 30, 2026",continental U.S.,M67854-24-F-4008,"Marine Corps Systems Command, Quantico, Virginia"
NAVY,"North Star Scientific Corp., Kapolei, Hawaii","Honolulu, Hawaii (65%); Oklahoma City, Oklahoma (13%); Stockton, California (13%); San Diego, California (8%); and Newark, Delaware (1%)","$15,259,543","advanced concept production and delivery of software and hardware products including components required to support mountain top testing of high ultra-high frequency and L/C band antennas for the High Gain Ultra High Frequency Electronically Scanned Antenna effort in support of Small Business Innovation Research Phase III, Topic N06-125 “L-Band Solid-State High-Power Amplifier for Airborne Platforms” for the E-2D aircraft at the Pacific Missile Range Facility",April 2026,N0001924F1007,"Naval Air System Command, Patuxent River, Maryland"
DEFENSE LOGISTICS AGENCY,Carter Enterprises LLC,"Brooklyn, New York","$118,151,920",plate carrier and associated components,"Oct. 15, 2027",N/A,SPE1C1-24-D-0031,"Defense Logistics Agency Troop Support, Philadelphia, Pennsylvania"
DEFENSE LOGISTICS AGENCY,Old North Utility Services Inc.,North Carolina,"$48,150,528",water and wastewater utility service charge,"Feb. 28, 2058",North Carolina,SP0600-07-C-8258,"Defense Logistics Agency Energy, Fort Belvoir, Virginia"
DEFENSE LOGISTICS AGENCY,Bernard Cap LLC,"Hialeah, Florida","$35,147,686",Men's short sleeve khaki shirts,"April 15, 2029",N/A,SPE1C1-24-D-0048,"Defense Logistics Agency Troop Support, Philadelphia, Pennsylvania"
DEFENSE LOGISTICS AGENCY,Pentaq Manufacturing Corp.,"Sabana Grande, Puerto Rico","$22,278,375",for various types of trousers,"April 20, 2025",Not specified,SPE1C1-20-D-1258,"Defense Logistics Agency Troop Support, Philadelphia, Pennsylvania"
DEFENSE LOGISTICS AGENCY,American Apparel Inc.,"Selma, Alabama","$14,060,405",maternity blouses and trousers,"April 24, 2025",Not specified,SPE1C1-23-D-0047,"Defense Logistics Agency Troop Support, Philadelphia, Pennsylvania"
DEFENSE LOGISTICS AGENCY,Bell Boeing Joint Project Office,"California, Maryland","$11,395,042",V-22 spare consumable and depot level repairable parts,"May 10, 2024",Texas and Pennsylvania,SPRPA1-17-D-009U,"Defense Logistics Agency Aviation, Philadelphia, Pennsylvania"
DEFENSE LOGISTICS AGENCY,Valiant Technical Services Inc.,Texas,"$10,393,708",third-party logistics hazardous material support services,"April 26, 2025",Texas,SP3300-23-C-5001,"Defense Logistics Agency Distribution, New Cumberland, Pennsylvania"
ARMY,Conti Federal Services LLC,"Orlando, Florida","$63,067,273","build a hangar facility and associated airfield apron, site features, utilities and infrastructure","Oct. 21, 2026","Ellsworth Air Force Base, South Dakota",W9128F24-C-0014,"U.S. Army Corps of Engineers, Omaha, Nebraska"
ARMY,General Atomics Aeronautical Systems Inc.,"Poway, California","$52,918,826",Gray Eagle fleet sustainment and logistics support.,"April 23, 2029","Poway, California",W58RGZ24-C-0031,"Army Contracting Command, Redstone Arsenal, Alabama"
ARMY,Nan Inc.,"Honolulu, Hawaii","$52,894,500",Construct an aviation operations building,"Oct. 27, 2027","Honolulu, Hawaii",W9128A24-C-0009,"U.S. Army Corps of Engineers, Honolulu, Hawaii"
ARMY,W.M. Klorman Construction Corp.,"Long Beach, California","$23,535,350",construction of a new parking structure,"Oct. 18, 2025",W912PL24-C-0013,"U.S. Army Corps of Engineers, Los Angeles, California"
ARMY,L3Harris Technologies Inc.,"Palm Bay, Florida","$16,990,788",FliteScene digital map software,"April 17, 2029",to be determined with each order,W58RGZ24-D-0042,"Army Contracting Command, Redstone Arsenal, Alabama"
DEFENSE LOGISTICS AGENCY,"['Latina Boulevard Foods LLC', 'Gargiulo Produce Inc.']",New York,"['$125,166,596', '$37,272,000']",fresh fruits and vegetables,"April 14, 2029",New York,"['SPE300-24-D-P423', 'SPE300-24-D-S771']","Defense Logistics Agency Troop Support, Philadelphia, Pennsylvania"
DEFENSE LOGISTICS AGENCY,Abbott Laboratories Inc.,"Santa Clara, California","$117,140,796",cardiovascular procedural packages and supplies,"April 16, 2025",N/A,SPE2DE-24-D-0015,"Defense Logistics Agency Troop Support, Philadelphia, Pennsylvania"
DEFENSE LOGISTICS AGENCY,Hyman Brickle & Son Inc.,"Woonsocket, Rhode Island","$12,487,118",men’s berets,"April 16, 2028",N/A,SPE1C1-24-D-0050,"Defense Logistics Agency Troop Support, Philadelphia, Pennsylvania"
AIR FORCE,SRC Inc.,"North Syracuse, New York","$60,000,000","Exploring new and emerging concepts related to development, integration, assessment, evaluation, and demonstration of cyber security, open system architecture, novel avionics and sensor technologies, and multi-domain technologies focusing on the electric warfare piece of the avionics.","April 1, 2031","['New York', 'Virginia', 'Ohio', 'Texas']","FA2377-24-D-B001, FA2377-24-F-B001","Air Force Research Laboratory, Wright-Patterson Air Force Base, Ohio"
AIR FORCE,Lockheed Martin Corp.,"Littleton, Colorado","$9,513,838",Space Based Infrared System Contractor Logistics Support Product Support Integration Contract Evolution,"April 16, 2026","Peterson Space Force Base; Buckley SFB; Greeley Air National Guard Station; and Boulder, Colorado",FA8823-21-C-0001,"Space Systems Command, Peterson SFB, Colorado"
AIR FORCE,Trimble Military and Advanced Systems Inc.,"Sunnyvale, California","$18,022,500",Not specified in the provided text,Not specified in the provided text,Not specified in the provided text,Not specified in the provided text,Not specified in the provided text
NAVY,"['D-J Engineering Inc., Augusta, Kansas', 'Loughmiller Machine Tool & Design, Inc., Loogootee, Indiana', 'Middletown Composites Inc., Berea, Kentucky', 'Starwin Industries Inc., Dayton, Ohio']","['Augusta, Kansas', 'Loogootee, Indiana', 'Berea, Kentucky', 'Dayton, Ohio']","$30,000,000",machine shop requirements for supplies related to EA-18G and P-8A aircraft components and related platforms/requirements for Naval Surface Warfare Center Crane,April 2034,the locations listed above for the awardee of each delivery order,"N0016424DWS74, N0016424DWS75, N0016424DWS76, N0016424DWS77","Naval Surface Warfare Center Crane Division, Crane, Indiana"
NAVY,Micro Systems Inc.,"Fort Walton Beach, Florida","$23,971,170","To produce, test, and deliver airborne transponders, ground radio frequency units, airborne relay and test sets, and to perform testing, teardown, and evaluation for system of naval targets control and AN/DSQ-50A, as well as repairs of various system components.",April 2029,"Fort Walton Beach, Florida",N0001924D0004,"Naval Air Systems Command, Patuxent River, Maryland"
ARMY,Teletronics Technology Corp.,"Newtown, Pennsylvania","$11,320,625",technical support to the Technology Development Directorate,"April 27, 2029",determined with each order,W911W6-24-D-0006,"Army Contracting Command, Redstone Arsenal, Alabama"
ARMY,Torch Technologies Inc.,"Huntsville, Alabama","$8,471,811",engineering services,"April 16, 2025",to be determined with each order,W31P4Q-21-F-0038,"Army Contracting Command, Redstone Arsenal, Alabama"
NAVY,Aircraft Readiness Alliance JV LLC,"Anchorage, Alaska","$176,313,168","provide depot-level maintenance support services for aircraft, aircraft engines and associated components and material including rework of existing aviation end items, systems, and components and the manufacture of items and component parts for the Navy",April 2029,"Jacksonville, Florida (76%); and Oceana, Virginia (24%)",N6852024D0001,"Commander, Fleet Readiness Center, Patuxent River, Maryland"
NAVY,The Boeing Co.,"St. Louis, Missouri","$56,449,263","Support of unique non-production F/A-18 A-F and EA-18G flight test assets to include engineering, instrumentation, and maintenance of F/A-18 A-F and EA-18G aircraft, along with required laboratories, machine and metal shops, tooling, tool cribs, aircraft parts, aircraft ancillary equipment, and support equipment.",April 2029,"Patuxent River, Maryland",N0042124D0007,"Naval Air Warfare Center Aircraft Division, Patuxent River, Maryland"
NAVY,Thales Defense & Security Inc.,"Clarksburg, Maryland","$15,911,056",repair of three items that are part of the H-1 Optimized Top Owl system,October 2024,"Valbonne, France",N00383-24-F-ZK00,"Naval Supply Systems Command Weapon Systems Support, Philadelphia, Pennsylvania"
NAVY,Marine Hydraulics International LLC,"Norfolk, Virginia","$11,814,912","Repair, maintenance, and modernization of USS Mesa Verde (LPD 19)",November 2025,"Norfolk, Virginia",N0002424C4406,"Naval Sea Systems Command, Washington, D.C."
AIR FORCE,Applied Research Solutions,"Beavercreek, Ohio","$74,856,673",advisory and assistance mission support services,"Oct. 17, 2024",Hanscom Air Force Base,P00055,"Hanscom Air Force Base/AZS, Massachusetts"
AIR FORCE,Trimble Military and Advanced Systems Inc.,"Sunnyvale, California","$18,022,500",GPS receivers,"April 16, 2029","Sunnyvale, California",FA8807-24-D-B001,"Space Systems Command, Military Communication and Position, Navigation, and Timing Contracting Division, Los Angeles Air Force Base, California"
AIR FORCE,Booz Allen Hamilton,"McLean, Virginia","$ 9,109,624",Provide a platform enabling a streamline management and coordination of security cooperation endeavors.,April 2029,National Capital Region,FA701424F0139,"Air Force District of Washington, D.C., Washington D.C."
ARMY,Fesco Energy LLC,"Milwaukee, Wisconsin","$14,746,746",microgrid with battery backup storage,"April 30, 2026",W50S9G-24-C-0001,"U.S. Army National Guard Bureau, Arlington, Virginia"
ARMY,General Dynamics Land Systems Inc.,"Sterling Heights, Michigan","$296,861,979",M10 Booker system technical support,"April 14, 2029",To be determined with each order,W912CH-24-D-0001,"Army Contracting Command, Detroit Arsenal, Michigan"
ARMY,"['Marrero, Couvillon & Associates LLC', 'Bales Construction Co. Inc.', 'Reese Equipment Co. LLC', 'Olgoonik Specialty Contractors LLC', 'SDJV']","Fort Leonard Wood, Missouri","$42,000,000","sustainment, reutilization and modernization construction projects","April 14, 2029",to be determined with each order,W911S7-24-D-0008,Army Field Directorate Office
ARMY,Veolia Technical Solutions LLC,"Boston, Massachusetts","$29,625,435",hazardous waste disposal services,"April 14, 2029",To be determined with each order,W56ZTN-24-D-0007,"Army Contracting Command, Aberdeen Proving Ground, Maryland"
ARMY,GaN Corp.,"Huntsville, Alabama","$12,796,045",Technical services support for Program Executive Office Aviation,"Oct. 14, 2026","Huntsville, Alabama",W31P4Q-21-F-B005,"Army Contracting Command, Redstone Arsenal, Alabama"
NAVY,"['AeroVironment Inc.', 'Anduril Federal', 'Teledyne FLIR Detection Inc.']","['Simi Valley, California', 'Corinne, Utah', 'Washington, D.C.', 'Costa Mesa, California', 'Santa Ana, California', 'Mountain View, California', 'Stillwater, Oklahoma']","['$8,931,148', '$6,458,187', '$12,084,866']","production, delivery, test, and maintenance support of the Organic Precision Fires – Light system",April 2026,M67854-24-D-1027,"Marine Corps Systems Command, Quantico, Virginia"
NAVY,W. G. Yates and Sons Construction Co.,"Corpus Christi Army Depot, Naval Air Station Corpus Christi","$103,305,221",construction of a new powertrain engines assembly facility to house rotary wing component rebuild activities,October 2026,"Nueces County, Texas",N69450-24-C-0024,"Naval Facilities Engineering Systems Command, Southeast, Jacksonville, Florida"
NAVY,Lockheed Martin Rotary and Mission Systems,"Owego, New York","$46,037,391","Development, integration, testing, and deployment of the MH-60 aircraft product line system configuration 26 fleet release for all MH-60 air platform variants.",September 2026,"Owego, New York",N0001924F2604,"Naval Air Systems Command, Patuxent River, Maryland"
NAVY,Eagle Systems Inc.,"California, Maryland","$19,500,905",research and development support for digital integrated electronic warfare simulations,April 2025,"Naval Research Laboratory (NRL), Washington, D.C.","N0017324D2005, N0017324F2014","NRL, Washington, D.C."
NAVY,"DCS Corp., Alexandria, Virginia","Naval Research Laboratory (NRL), Washington, D.C.","$9,688,777","Research, development, and application-oriented activities in the generation, propagation, detection, and use of radiation in the wavelength region between near-ultraviolet and far-infrared wavelengths to meet naval visible, electro-optic/infrared (VIS/EO/IR) advanced intelligence, surveillance and reconnaissance (ISR) systems and technology challenges.",April 2025,N0017324C2008,"NRL, Washington, D.C."
NAVY,DRS Laurel Technologies,"Johnstown, Pennsylvania","$8,199,902",Ship Self Defense System Technical Insertion 2016 hardware production and engineering services,April 2025,"Johnstown, Pennsylvania",N0002422C5235,"Naval Sea Systems Command, Washington, D.C."
AIR FORCE,Northrop Grumman Systems Corp.,"McLean, Virginia","$58,273,692","strategic planning, business analysis, and program management","Sept. 15, 2029","Wright-Patterson Air Force Base, Ohio",FA2396-24-F-B089,"Air Force Research Laboratory, Enterprise Acquisition Branch, Wright-Patterson AFB, Ohio"
AIR FORCE,University of Dayton Research Institute,"Dayton, Ohio","$35,000,000","Explore the phenomenology of energetic materials and quantify the factors, which could affect a material's sensitivity to shock, electrostatic discharge, friction, aging, temperature, mechanical loading and other environmental or operational factors.","April 7, 2025","Dayton, Ohio",FA8651-20-D-0003,"Air Force Research Laboratory, Eglin Air Force Base, Florida"
AIR FORCE,Leidos Inc.,"['Albuquerque, New Mexico', 'Kirtland Air Force Base, New Mexico']","$11,007,700","research and development, to include advanced compact pulsed-power, pulse-forming networks, pulse-forming lines, linear transformer drivers, hybrid pulsed-power topologies, nonlinear transmission lines, solid-state switches, gas switches, capacitors, transformers, insulating dielectrics, varactors, resistors, magnetic and dielectric conducting and structural materials",April 2028,FA9451-24-C-X011,"Air Force Research Laboratory/RDKP at Kirtland AFB, New Mexico"
AIR FORCE,Lead Builders Inc.,"Thousand Oaks, California","$8,869,543",setup and installation of utilities for a test measurement facility,"July 25, 2025","Edwards AFB, California",FA9301-24-F-0068,"Edwards Air Force Base, California"
AIR FORCE,Serco Inc.,"Herndon, Virginia","$8,850,096","Operations and maintenance support for the ground-based, electro-optical deep space surveillance system.","Oct. 31, 2027",Various continental U.S. and outside of the continental U.S. locations,FA2517-20-C-0003,"Space Force, Space Operations Command, Space Acquisition, and Integration Office, Peterson Space Force Base, Colorado"
DEPARTMENT OF DEFENSE EDUCATION ACTIVITY,"['ATP Gov LLC', 'Ecotech Imaging', 'JTF Gov', 'New Tech Solutions Inc.']",Inside and outside of the continental U.S.,"$45,000,000","Providing interactive flat panels, smart TVs, and peripherals for use in classroom spaces, meetings spaces, and other collaborative areas in schools and offices",14 April 2029,Location will be determined by the individual delivery orders,Not provided,"Department of Defense Education Activity, Alexandria, Virginia"
MISSILE DEFENSE AGENCY,"Aerojet Rocketdyne, Coleman Aerospace Inc.","Orlando, Florida","$1,553,925,949",Update hardware obsolescence on contract line item number 0095 in accordance with the performance work statement.,December 2029,"Orlando and Cape Canaveral Space Force Station, Florida",HQ1047-14-C-0001,"Missile Defense Agency, Huntsville, Alabama"
MISSILE DEFENSE AGENCY,"Lockheed Martin Corp., Rotary and Mission Systems","Huntsville, Alabama","$4,099,900,000","Develop, model, integrate, test, verify, evaluate, validate, document, deliver, field, train, operate, sustain, and support updates and new capabilities to the command and control, battle management and communications (C2BMC) system.","April 30, 2034",Various locations worldwide,HQ0852-24-D-0003,"Missile Defense Agency, Huntsville, Alabama"
ARMY,"['Bethel Industries Inc.', 'Puerto Rico Industries for the Blind Corp.', 'Point Blank Enterprises Inc.', 'Bluewater Defense Inc.', 'Slate Solutions LLC']","Aberdeen Proving Ground, Maryland","$628,415,825",Ballistic Combat Shirt,"April 9, 2033",To be determined with each order,W91CRB-24-D-0006,Army Contracting Command
ARMY,Zodiac-Poettker HBZ JV III LLC,"St. Louis, Missouri","$19,710,000",construction of a child development center,"Nov. 21, 2026","Scott Air Force Base, Illinois",W912QR-24-C-0006,"U.S. Army Corps of Engineers, Louisville, Kentucky"
ARMY,Advanced Structural Technologies Inc.,"Oxnard, California","$10,108,000",aluminum roadwheel blanks,"April 11, 2024",to be determined with each order,W911RQ-24-D-0009,"Army Contracting Command, Detroit Arsenal, Michigan"
ARMY,Cadillac Asphalt LLC,"Canton, Michigan","$9,799,786",repair a runway,"Dec. 18, 2024","Selfridge Air National Guard Base, Michigan",W50S85-24-C-0002,"U.S. Property and Fiscal Office, Michigan"
NAVY,"['CJW Contractors Inc.', 'Addon Services LLC', 'Bay Electric Co., Inc.', 'Encon Desbuild JV3 LLC', 'Mark Turner Construction', 'MIG WMJ JV1 LLC', 'Ocean Construction Services', 'SAW Eastern JV', 'Virtexco Corp.']",Hampton Roads area of operations (AO),"$450,000,000",general construction,April 2029,"Hampton Roads AO, or other areas of the Naval Facilities Engineering Systems Command (NAVFAC) Mid-Atlantic AO",N4008524D0030,"NAVFAC Mid-Atlantic CORE, Norfolk, Virginia"
NAVY,"Lockheed Martin, Rotary and Mission Systems","Moorestown, New Jersey","$126,989,166",ship self-defense system combat system engineering support,October 2024,"Moorestown, New Jersey",N00024-19-C-5603,"Naval Sea Systems Command, Washington, D.C."
NAVY,The Boeing Co.,"St. Louis, Missouri","$111,891,468","To provide avionics long lead time parts and spares to support the advanced crew station suite inclusive of the low profile engine fuel display, large area display, and low profile head up display; life of type buys for parts that have or will become obsolete; and special test equipment in support of the F/A-18E/F Block III and E/A-18G aircraft for the Navy, Royal Australian Air Force, and the country of Kuwait.",May 2028,"['Berkley, Missouri (35.1%)', 'Haifa, Israel (26.7%)', 'Merrimack, New Hampshire (23.1%)', 'Stillwater, Oklahoma (5.6%)', 'Malabar, Florida (5.0%)', 'Torrance, California (1.5%)', 'Netanya, Israel (1.2%)', 'Kanata, Ontario, Canada (1.0%)', 'Various other locations (0.8%)']",N0001924F2564,"Naval Air Systems Command, Patuxent River, Maryland"
NAVY,Insitu Inc.,"Bingen, Washington","$84,468,841",procure six RQ-21A and 20 ScanEagle unmanned air vehicles (UAS) including payloads and turrets; support equipment; spares and special tooling,June 2026,"Bingen, Washington (88%); and various locations outside of the continental U.S. (12%)",N0001922D0038,"Naval Air Systems Command Patuxent River, Maryland"
NAVY,Ocean Ships Inc.,"Houston, Texas","$7,816,418",Operation and maintenance of two expeditionary transfer dock vessels USNS Montford Point (T-ESD 1) and USNS John Glenn (T-ESD 2).,"Nov. 1, 2024",Sea worldwide,N3220519C3003,"Military Sealift Command, Norfolk, Virginia"
AIR FORCE,General Atomics Aeronautical Systems Inc.,"Poway, California","$173,568,509","capability upgrades to four MQ-9A unmanned air vehicles and two ground control stations, as well as support equipment, spares, and upgrade kits.","Jan. 15, 2029","Poway, California",FA8689-24-C-2020,"Air Force Life Cycle Management Center, Wright Patterson Air Force Base, Ohio"
AIR FORCE,BAE Systems Ltd.,"Kent, United Kingdom","$7,923,498","Provide heads up displays for AC-130Js and services such as repairs, training, equipping, and initial set up of a repair facility to support.","April 10, 2029","['Kent, United Kingdom', 'Warner-Robins Air Force Base, Warner Robins, Georgia']",FA8509-24-D-0002,"Air Force Life Cycle Management Center /WIUKA, Warner-Robins AFB, Warner Robins, Georgia"
AIR FORCE,AAR Manufacturing Inc.,"Cadillac, Michigan","$7,912,401",production of cargo legacy pallets,"June 14, 2024","Cadillac, Michigan",FA8534-20-D-0003,Air Force Life Cycle Management Center
ARMY,BAE Systems Information and Electronic Systems,"Fort Wayne, Indiana","$459,802,408","AN/ARC-231/A Multi-mode Aviation Radio Suite hardware components, repair services and technical/engineering/logistic support","April 9, 2034",To be determined with each order,W56JSR-24-D-0002,"Army Contracting Command, Aberdeen Proving Ground, Maryland"
ARMY,JJ Contracting Corp.,"Auburn, New York","$18,274,646",repair and replace roofs,"April 30, 2029",determined with each order,W911S2-24-D-8300,"419th Contracting Support Brigade, Fort Drum, New York"
ARMY,Gideon Contacting LLC,"Oklahoma City, Oklahoma","$9,866,689",repair and modify an industrial waste lift station,"June 24, 2025","Oklahoma City, Oklahoma",W912BV-24-C-0005,"U.S. Army Corps of Engineers, Tulsa, Oklahoma"
NAVY,CACI International Inc.,"Chantilly, Virginia","$37,535,491",Support integration and operation of information operations payloads into unmanned aerial vehicles used by joint forces.,April 2027,"['Westminster, Colorado', 'Florham Park, New Jersey', 'Jessup, Maryland', 'San Diego, California', 'Chantilly, Virginia']",N66001-24-D-0013,"Naval Information Warfare Center Pacific, San Diego, California"
DEFENSE LOGISTICS AGENCY,US Fire Equipment LLC,"Sumner, Washington","$523,000,000",fire and emergency equipment,,,SPE8EC-24-D-0035,
DEFENSE LOGISTICS AGENCY,Dental Health Products Inc.,"New Franken, Wisconsin","$18,000,000",medical equipment and accessories,,,SPE2DH-24-D-0009,Defense Logistics Agency Electronic Catalog
NAVY,"Lockheed Martin Corp., Lockheed Martin Aeronautics Co., Fort Worth, Texas","Fort Worth, Texas","$181,000,000",Procure ancillary mission equipment (AME) in support of meeting Lot 17 Group Two requirements for the F-35 Joint Strike Fighter program,April 2028,"Fort Worth, Texas",N0001919D0015,"Naval Air Systems Command, Patuxent River, Maryland"
ARMY,Ferrovial Construccion PR LLC,"San Juan, Puerto Rico","$150,656,472",flood control and bridge replacement construction,"Nov. 17, 2028","San Juan, Puerto Rico",W51DQV-24-C-0002,"U.S. Army Corps of Engineers, San Juan, Puerto Rico"
DEFENSE LOGISTICS AGENCY,Freedom Fresh LLC,"Medley, Florida","$108,285,000",Fresh fruit and vegetables,"April 9, 2029",Not specified,SPE300-24-D-P421,"Defense Logistics Agency Troop Support, Philadelphia, Pennsylvania"
DEFENSE LOGISTICS AGENCY,ASRC Federal Facilities Logistics LLC,"Hawaii, Guam, and the Kwajalein Atoll","$90,000,000","facilities maintenance, repair and operations supplies","June 15, 2025","Hawaii, Guam, and the Kwajalein Atoll",SPE8E3-24-D-0010,"Defense Logistics Agency Troop Support, Philadelphia, Pennsylvania"
DEFENSE LOGISTICS AGENCY,SupplyCore Inc.,"Rockford, Illinois","$90,000,000","facilities maintenance, repair and operations supplies","Feb. 6, 2025",Louisiana and Texas,SPE8E3-24-D-0011,"Defense Logistics Agency Troop Support, Philadelphia, Pennsylvania"
AIR FORCE,Rockwell Collins Inc.,"Cedar Rapids, Iowa","$21,121,700","support that will include obsolescence, engineering reach back, repairs, buys, software and firmware updates and future electromagnetic compatibility testing","April 8, 2029","the contractor’s facility in Cedar Rapids, Iowa",FA8509-24-D-0001,"Air Force Life Cycle Management Center (AFLCMC)/WIUKA and AFLCMC/WIUKB, Robins Air Force Base, Warner Robins, Georgia"
AIR FORCE,Sierra Nevada Co. LLC,"Sparks, Nevada","$8,852,425",Airborne Mission Networking Systems,"Oct. 9, 2025","['Davis-Monthan Air Force Base, Arizona', 'Moody AFB, Georgia', 'Patrick AFB, Florida', 'Joint Base Elmendorf-Richmond, Alaska', 'Kirtland AFB, New Mexico', 'Gabreski Air National Guard Base, New York']",FA8509-24-F-0007,"Air Force Life Cycle Management Center, Robins AFB, Georgia"
AIR FORCE,FlightSafety International Defense Corp.,"Fort Worth, Texas","$7,892,617",KC-46 Aircrew Training System,July 2026,"Broken Arrow, Oklahoma",FA8621-13-C-6247,"Air Force Life Cycle Management Center/WNSK, Wright-Patterson Air Force Base, Ohio"
MISSILE DEFENSE AGENCY,Lockheed Martin Rotary and Mission Systems,"Moorestown, New Jersey","$8,491,442","maintenance and security required upgrades for the Beowulf Cluster, Mobile Assets, Tail Sites, and the Advanced Threat Lab for Aegis Ballistic Missile Defense","January 31, 2025","Moorestown, New Jersey",HQ085121C0002,"Missile Defense Agency, Dahlgren, Virginia"
NAVY,"['CAPE-RSI JV LLC', 'EA Engineering, Science, and Technology Inc. PBC', 'HGL-APTIM Technologies JV LLC', 'Sevenson-USA Environmental JV III']",Naval Facilities Engineering Systems Command (NAVFAC) Atlantic area of operations (AO),"$240,000,000",environmental remediation services for projects at various locations within the Naval Facilities Engineering Systems Command (NAVFAC) Atlantic area of operations (AO),April 2029,"['Virginia (25%)', 'Florida (10%)', 'New York (10%)', 'North Carolina (10%)', 'Maryland (6%)', 'Texas (5%)', 'Washington, D.C. (5%)', 'Massachusetts (3%)', 'New Jersey (3%)', 'Pennsylvania (3%)', 'West Virginia (3%)', 'Connecticut (2%)', 'Illinois (2%)', 'Indiana (2%)', 'Maine (2%)', 'Mississippi (2%)', 'Rhode Island (2%)', 'South Carolina (2%)', 'Puerto Rico (2%)', 'Georgia (1%)']",N62470-24-D-0009,"NAVFAC Atlantic, Norfolk, Virginia"
NAVY,Reid Middleton Inc.,"San Diego, California","$99,000,000",Structural engineering services,April 2029,"['California (87%)', 'Arizona (5%)', 'Nevada (5%)', 'Colorado (1%)', 'New Mexico (1%)', 'Utah (1%)']",N62473-24-D-5224,"NAVFAC Southwest, San Diego, California"
NAVY,KBR Wyle Services LLC,"Lexington Park, Maryland","$60,000,000","secure facility operations, maintenance, and security support",March 2025,"U.S. Naval Research Laboratory (NRL), Washington, D.C. (90%); Monterey, California (5%); and Stennis, Mississippi (5%)","N0017323D2006, N0017324F2018","NRL, Washington, D.C."
NAVY,"Northrop Grumman Systems Corp., Launch Vehicles Division","Chandler, Arizona","$52,145,216",Procurement and delivery of 16 GQM-163A Coyote Supersonic Sea-skimming Targets (SSST) systems and associated technical and administrative data in support of SSST full rate production Lot 17 for the Navy,November 2027,"['Chandler, Arizona (35%)', 'Camden, Arizona (43%)', 'Vergennes, Vermont (8%)', 'Cincinnati, Ohio (4%)', 'Oconomowoc, Wisconsin (4%)', 'Lancaster, Pennsylvania (4%)', 'other various locations within the continental U.S. (2%)']",N00019C210005,"Naval Air Systems Command, Patuxent River, Maryland"
NAVY,BAE Systems Norfolk Ship Repair,"Norfolk, Virginia","$34,226,211",landing platform dock (LPD 29) fitting out availability,July 2025,"Norfolk, Virginia",N00024-21-2451,"Naval Sea Systems Command, Washington, D.C."
NAVY,Raytheon Co.,"Tucson, Arizona","$24,456,200","To provide non-recurring tooling and equipment, to include associated labor in support of increasing production and recertification capacity to procure tactical Tomahawk missiles and related articles for the Navy.",October 2025,"Tucson, Arizona",N0001924F0171,"Naval Air Systems Command, Patuxent River, Maryland"
AIR FORCE,"Raytheon Technologies Corp., East Hartford, Connecticut","East Hartford, Connecticut","$73,984,281",Provide spare engines,"Dec. 31, 2024","contractor's facilities in East Hartford, Connecticut",FA8626-24-F-0002,"Air Force Life Cycle Management Center, Propulsion Acquisition Division, at Wright-Patterson Air Force Base, Ohio"
AIR FORCE,DNI Emerging Technologies LLC,"Oklahoma City, Oklahoma","$12,579,442","provide mission essential support in addition to equipment certification, radio frequency authorization, foreign disclosure release and host nation coordination, and spectrum supportability assessments for the more than 70 customers across numerous stateside locations","April 4, 2029",numerous stateside locations,FA8604-24-C-B001,"Air Force Life Cycle Management Center/PZIBT, Wright Patterson Air Force Base, Dayton, Ohio"
DEFENSE LOGISTICS AGENCY,Direct Energy Business LLC,Maine and Rhode Island,"$11,480,863",Supply and deliver retail electricity and ancillary and incidental services,"May 31, 2025",Maine and Rhode Island,SPE6024-D-8005,Defense Logistics Agency Energy
ARMY,General Dynamics Land Systems Inc.,"Sterling Heights, Michigan","$518,828,362",Stryker system technical support,"March 31, 2029",To be determined with each order,W56HZV-24-D-0012,"Army Contracting Command, Detroit Arsenal, Michigan"
ARMY,L3Harris Global Communications Inc.,"Rochester, New York","$155,250,000",mobile and secure communications services,"April 5, 2028",to be determined with each order,W91CRB-24-C-5031,"Army Contracting Command, Aberdeen Proving Ground, Maryland"
ARMY,Burns & McDonnell Engineering Co. Inc.,Not specified,"$35,000,000",architect and engineering services,"April 4, 2029",To be determined with each order,W912DS-24-D-0002,"U.S. Army Corps of Engineers, New York, New York"
ARMY,Spence Brothers,"Traverse City, Michigan","$8,674,770",construction of a bi-directional fish passage,"May 25, 2026",W911XK-21-C-0001,"U.S. Army Corps of Engineers, Detroit, Michigan"
NAVY,"Applied Physics Laboratory, University of Washington","Seattle, Washington","$249,996,414","Research, development, engineering, and test and evaluation for Department of Defense (DOD) programs including: experimental oceanography, acoustic propagation, underwater instrumentation and equipment, marine corrosion, acoustic and related systems, simulations and signal processing, mission related and public service oriented research and development",October 2025,"Seattle, Washington",N00024-21-D-6400,"Naval Sea Systems Command, Washington Navy Yard, D.C."
NAVY,Lockheed Martin Rotary and Mission Systems,"Owego, New York","$13,175,866","to provide 105 mission computer retrofit kits, 28 flight management computer retrofit kits, and 100 Lynx and 55 Redhat software licenses for the Navy in support of the H-60 aircraft",November 2026,"Owego, New York",N0001920F0350,"Naval Air Systems Command, Patuxent River, Maryland"
DEFENSE LOGISTICS AGENCY,The Hartford Provision Co.,"South Windsor, Connecticut","$103,751,241",full-line food distribution,"April 7, 2029",Not specified,SPE300-24-D-3011,"Defense Logistics Agency Troop Support, Philadelphia, Pennsylvania"
DEFENSE LOGISTICS AGENCY,"Belleville Shoe Manufacturing Co.,","Belleville, Illinois","$10,334,376",general purpose and flight deck safety boots,"April 6, 2025",Missouri and Arkansas,SPE1C1-22-D-1541,"Defense Logistics Agency Troop Support, Philadelphia, Pennsylvania"
DEFENSE LOGISTICS AGENCY,Bernard Cap LLC,"Hialeah, Florida","$8,070,516",men’s dress trousers,"April 11, 2025",Not specified,SPE1C1-22-D-1544,"Defense Logistics Agency Troop Support, Philadelphia, Pennsylvania"
AIR FORCE,KBR Wyle Services LLC,"Lexington Park, Maryland","$99,000,000","transition and integration of mission-critical Space Domain Awareness, Battle Management Command and Control, and space enterprise capabilities to support the Air Force Space Vehicles Directorate",April 2029,"Colorado Springs, Colorado",FA9453-24-D-X002,"Air Force Research Laboratory/RVKE, Kirtland Air Force Base, Albuquerque, New Mexico"
AIR FORCE,Rally Point Management LLC,"Fort Walton Beach, Florida","$7,937,070",Provide Air Force Office of Special Investigations with locally employed screening teams,"April 28, 2028","['Al Udeid Air Base, Qatar', 'Ali Al Salem Air Base, Kuwait', 'Al Dhafra Air Base, United Arab Emirates', 'Ramstein Air Base, Germany', 'Shaw Air Force Base, South Carolina']",FA4890-23-F-0023,"Air Combat Command, Acquisition Management Integration Center, Langley Air Force Base, Virginia"
NAVY,"['Fairbanks Morse LLC', 'MAN Energy Solutions Middle East LLC']",Worldwide,"$333,000,000","Procurement of parts and services from the original equipment manufacturer (OEM) for ships’ diesel engines, and OEM authorized parts and service technicians in order to maintain the diesel engines aboard multiple classes of ships","May 20, 2026",N3220521D4105 and N3220521D4106,"Military Sealift Command, Norfolk, Virginia"
NAVY,Raytheon Co.,"McKinney, Texas","$40,594,709","Controlled, Advanced, Distributed Radio Frequency Effects (CADRE) effort",November 2025,"McKinney, Texas",N0001424C1108,"Office of Naval Research, Arlington, Virginia"
NAVY,Mercury Mission Systems LLC,"Torrance, California","$17,751,442",production and delivery of 48 1553 data transfer units and 121 high definition video recorders in support of F/A-18C-F and EA-18G aircraft retrofit efforts for the Navy,September 2026,"Torrance, California",N0001922C0038,"Naval Air Systems Command (NAVAIR), Patuxent River, Maryland"
ARMY,Record Steel & Construction Inc.,"Boise, Idaho","$90,899,000",construction of a water treatment plant,"Sept. 21, 2026","Mountain Home Air Force Base, Idaho",W912DW-24-C-0005,"U.S. Army Corps of Engineers, Seattle, Washington"
ARMY,G&G Steel Inc.,"Russellville, Alabama","$18,269,886",lock lower miter gates and spare parts,"Aug. 8, 2028","Russellville, Alabama",W91278-24-C-0023,"U.S. Army Corps of Engineers, Mobile, Alabama"
ARMY,Torch Technologies Inc.,"Huntsville, Alabama","$17,696,417",engineering services,"March 31, 2025",to be determined with each order,W31P4Q-21-F-0038,"U.S. Army Contracting Command, Redstone Arsenal, Alabama"
DEFENSE LOGISTICS AGENCY,Cidra Manufacturing Inc.,"Cidra, Puerto Rico","$28,601,156",modular lightweight load-carrying equipment components,"April 2, 2027",N/A,SPE1C1-24-D-0043,"Defense Logistics Agency Troop Support, Philadelphia, Pennsylvania"
DEFENSE LOGISTICS AGENCY,Entwistle Co.,"Hudson, Massachusetts","$22,814,400",padeye sliding assemblies,"April 2, 2027",Not specified,SPE7MX-24-D-0025,"Defense Logistics Agency Land and Maritime, Columbus, Ohio"
DEFENSE LOGISTICS AGENCY,Foster-Caviness Inc.,"Colfax, North Carolina","$181,875,000",fresh fruits and vegetables,"April 2, 2029","Army, Navy, Air Force, Marine Corps, Coast Guard, and U.S. Department of Agriculture schools and Indian tribal organizations",SPE300-24-D-P422,"Defense Logistics Agency Troop Support, Philadelphia, Pennsylvania"
AIR FORCE,"Martinez-DRMP JV, LLC","Merritt Island, Florida","$49,999,999",Architect and engineering Services,"March 31, 2029","['Cape Canaveral Space Force Station, Florida', 'Patrick Space Force Base, Florida', 'Jonathan Dickinson Missile Tracking Annex, Florida', 'Malabar Missile Tracking Annex, Florida', 'Ascension Auxiliary Airfield, South Atlantic']",FA2521-24-D-0002,"45th Contracting Squadron, Patrick Air Force Base, Florida"
AIR FORCE,Criterion Corp.,"Marquette, Michigan","$43,567,606","base operations support services, including administration and management of materiel, ground transportation, vehicle maintenance, traffic management, real property maintenance, and fuels management","May 31, 2029","Dobbins Air Reserve Base, Georgia",FA6703-24-D0002,"94th Contracting Flight, Dobbins Air Reserve Base, Georgia"
AIR FORCE,Science Applications International Corp.,"Reston, Virginia","$20,992,067",optical radiation bioeffects and safety,"Aug. 1, 2026","Fort Sam Houston, San Antonio, Texas",FA8650-19-C-6024,"Air Force Research Laboratory, Wright-Patterson Air Force Base, Ohio"
AIR FORCE,Applied Research Associates Inc.,"Albuquerque, New Mexico","$12,500,000",joint munitions effectiveness manuals production (JMEMs),"Sept. 30, 2024","Albuquerque, New Mexico",FA2487-18-D-0129,"Air Force Life Cycle Management Center, Eglin Air Force Base, Florida"
ARMY,"['Kinder Brothers Excavating Inc.', 'Maloney-Odin, a JV', 'Southern Contracting LLC']",Not specified,"$45,000,000",Seepage remediation projects,"April 16, 2029",To be determined with each order,W912EQ-24-D-0011,"U.S. Army Corps of Engineers, Memphis, Tennessee"
ARMY,SEH-Tepa ES JC LLC,"La Crosse, Wisconsin","$15,000,000",architecture and engineering design services,"April 15, 2029",to be determined with each order,W911SA-24-D-2004,"419th Contracting Support Brigade, Fort McCoy, Wisconsin"
ARMY,Optics1 Inc.,"Bedford, New Hampshire","$10,618,611","To manufacture and install Geonyx XP Land Inertial Navigation Systems with accessories and support equipment, and to provide installation, integration, testing and training services.","March 30, 2029","Bedford, New Hampshire",W91CRB-24-C-5001,"Army Contracting Command, Aberdeen Proving Ground, Maryland"
DEFENSE HEALTH AGENCY,CliniComp International Inc.,"San Diego, California","$29,469,074","To provide operational support and sustainment for all existing clinical information system components currently in operation and support decommissioning activities during the phased transition to MHS GENESIS, or otherwise discontinuing clinical information system operations.",March 2027,Not specified,HT001120D0003,"Defense Health Agency, Professional Services Contracting Division, Falls Church, Virginia"
NAVY,FLUKE Electronic Corp.,"Everett, Washington","$33,799,248",Fluke 5730A/03/AN multimeter calibrators in support of the Naval Air Systems Command Metrology and Calibration Program,April 2029,"Everett, Washington",N6426724D0150,"Naval Surface Warfare Center, Corona Division, Norco, California"
NAVY,General Dynamics Mission Systems Inc.,"Pittsfield, Massachusetts","$33,689,682",design agent and lifecycle sustainment services in support of the Independence Variant Littoral Combat Ship Combat System,March 2025,"Pittsfield, Massachusetts (84%); San Diego, California (11%); Mobile, Alabama (5%)",N6339424C0004,"Naval Surface Warfare Center, Port Hueneme Division"
NAVY,Raytheon Co.,"McKinney, Texas","$13,041,693",Repair of nine APY-10 radar system weapon repairable assemblies in support of the P-8A aircraft.,July 2026,"Jacksonville, Florida (68%) and McKinney, Texas (32%)",N00383-24-F-PF01,"Naval Supply Systems Command Weapon Systems Support, Philadelphia, Pennsylvania"
ARMY,Leidos Inc.,"Reston, Virginia","$631,174,000","development, integration, acquisition, bridging to logistics and operations","March 31, 2034",to be determined with each order,not provided,"Army Contracting Command, Aberdeen Proving Ground, Maryland"
ARMY,The Boeing Co.,"Mesa, Arizona","$116,703,697",Apache logistics support,"April 30, 2025","Mesa, Arizona",W58RGZ-24-C-0028,"Army Contracting Command, Redstone Arsenal, Alabama"
ARMY,IntellecTechs,"Virginia Beach, Virginia","$15,179,601",personnel support services,"March 31, 2029",to be determined with each order,W9124J-24-F-0058,"Army Field Directorate Office, Fort Sam Houston, Texas"
ARMY,Luhr Crosby Inc.,"Cairo, Illinois","$10,002,096",dredging,"Dec. 31, 2024","Cairo, Illinois",W912QR-24-F-0086,"U.S. Army Corps of Engineers, Louisville, Kentucky"
NAVY,ITC Defense Corp.,"North Charleston, South Carolina","$249,520,098","to provide logistic support services for program of record (POR) and non-POR platforms, weapons, and commodities, to include support of all logistics elements associated with the acquisition, production, and sustainment of the International Partners (IP) weapons systems.",March 2029,"Patuxent River, Maryland",N0042124D0012,"Naval Air Warfare Center Aircraft Division, Patuxent River, Maryland"
NAVY,Lockheed Martin Rotary and Mission Systems,"Owego, New York","$86,872,607",Sustainment engineering and logistics services in support of all H-60 Naval Hawk type/model/series,March 2029,"Owego, New York",N0001924D0106,"Naval Air Systems Command, Patuxent River, Maryland"
NAVY,Professional Contract Services Inc.,"Austin, Texas","$38,572,161","base operating support services at Naval Medical Center Portsmouth, and its outlying support sites","March 31, 2025","Portsmouth, Virginia",N40085-20-D-0040,"Naval Facilities Engineering Systems Command, Mid-Atlantic, Norfolk, Virginia"
NAVY,Lockheed Martin Space,"Titusville, Florida","$21,450,077","engineering, technical support services, operational support hardware, and consumable spares for the Fleet Ballistic Missile Program","March 31, 2025","['Denver, Colorado (24.64%)', 'Valley Forge, Pennsylvania (23.30%)', 'Cape Canaveral, Florida (23.21%)', 'Titusville, Florida (9.75%)', 'Sunnyvale, California (7.77%)', 'Coulport, Scotland (4.19%)', 'Kings Bay, Georgia (1.83%)', 'Various locations below one percent (totaling 5.31%)']",N0003022C2023 P00004,"Strategic Systems Programs, Washington, D.C."
NAVY,Austal USA,"Mobile, Alabama","$11,784,350",Littoral Combat Ships industrial post-delivery availability support for USS Pierre (LCS 38),May 2025,"['Mobile, Alabama (90%)', 'Pittsfield, Massachusetts (10%)']",N00024-17-C-2301,"Naval Sea Systems Command, Washington, D.C."
NAVY,"RTX Corp., Pratt and Whitney Military Engines","East Hartford, Connecticut","$11,245,975",procure Marine Corps unique spares to include three roll post ducts and nozzles; three roll post hydraulic control units; three driveshaft assemblies; and four spare clutches as well as associated engineering assistance production and program administrative labor in support of Lots 15-17 F-35 Lighting II Joint Strike Fighter,December 2025,"['East Hartford, Connecticut (20%)', 'Indianapolis, Indiana (14.8%)', 'Minneapolis, Minnesota (10.9%)', 'Rocky Mountain, North Carolina (9.4%)', 'Cleveland, Ohio (6.2%)', 'Hartford Connecticut (2.3%)', 'Laconia, New Hampshire (2.3%)', 'Detroit, Michigan (1.6%)', 'Joplin, Missouri (1.6%)', 'Redmond, Oregon (1.6%)', 'Phoenix, Arizona (1%)', 'various locations within the continental U.S. (1.6%)', 'various locations outside the continental U.S. (26.7%)']",N0001920C0011,"Naval Air Systems Command, Patuxent River, Maryland"
ARMY,Lockheed Martin Corp.,"Orlando, Florida","$483,478,740",air-to-ground missile systems,"March 28, 2026","Orlando, Florida",W31P4Q-23-C-0005,"Army Contracting Command, Redstone Arsenal, Alabama"
ARMY,Loc Performance Products,"Plymouth, Michigan","$53,948,551",improved armored cab modification kits,"Dec. 31, 2026","Plymouth, Michigan",W15QKN-18-C-0073,"Army Contracting Command, Redstone Arsenal, Alabama"
ARMY,South Dade Air Conditioning & Refrigeration Inc.,"Homestead, Florida","$38,179,947",paving,"April 4, 2027",To be determined with each order,W9124M-24-D-0001,"419th Contracting Support Brigade, Fort Stewart, Georgia"
ARMY,Travis Association for the Blind,"Austin, Texas","$18,575,958","clean, repair, store, and distribute clothing and individual equipment","April 30, 2025","Austin, Texas",W56HZV-24-C-0033,"Army Contracting Command, Detroit Arsenal, Michigan"
ARMY,General Dynamics Land Systems Inc.,"Sterling Heights, Michigan","$12,398,107",Abrams system technical support,"Feb. 27, 2027","Sterling Heights, Michigan",W56HZV-22-C-0012,"Army Contracting Command, Detroit Arsenal, Michigan"
ARMY,ProjectXYZ Inc.,"Huntsville, Alabama","$11,482,427",technical support for missile systems,"March 31, 2025",to be determined with each order,W31P4Q-24-C-0028,"Army Contracting Command, Redstone Arsenal, Alabama"
ARMY,Science Applications International Corp.,"Reston, Virginia","$10,070,934",hardware in the loop modeling and simulation and development engineering services,"Sept. 30, 2025",to be determined with each order,W31P4Q-21-F-0095,"Army Contracting Command, Redstone Arsenal, Alabama"
ARMY,Nalu Tech Solutions Inc.,"Warrenton, Virginia","$7,618,192","command, control, communications, computers and information management service and support","March 28, 2025",to be determined with each order,W912CN-21-C-0002,"413th Contracting Support Brigade, Fort Shafter, Hawaii"
AIR FORCE,"['Accenture Federal Services LLC', 'Booz Allen Hamilton Inc.', 'Deloitte Consulting LLP', 'Digital Mobilizations Inc.', 'KMPG LLP', 'BCG Federal Corp.', 'Guidehouse Inc.', 'McKinsey & Co. Inc.']",Various locations,"$2,750,000,000",Advisory and assistance services to support the Deputy Assistant Secretary of the Air Force Office of Business Transformation and Deputy Chief Management Officer in managing and improving strategic transformation initiatives at the enterprise level,"June 16, 2027","FA7014-20-D-0003, FA7014-20-D-0004, FA7014-20-D-0005, FA7014-20-D-0006, FA7014-20-D-0007, FA7014-20-D-0008, FA7014-20-D-0009, FA7014-20-D-0010",Air Force District of Washington
AIR FORCE,Reliance Test & Technology,"Crestview, Florida","$233,953,184",Eglin operations and maintenance services,"Sept. 30, 2026","Eglin Air Force Base, Florida; Wright-Patterson Air Force Base, Ohio; and Holloman Air Force Base, New Mexico",FA2486-16-C-0002,"Air Force Test Center, Eglin Air Force Base, Florida"
AIR FORCE,Lockheed Martin Aeronautics Co.,"Fort Worth, Texas","$33,790,764","F-16 CORE Sustainment, including engineering and technical services, support and sustainment, configuration management, and programmatic support, to ensure system integrity, mission readiness, sustainability, reliability, and maintainability of the F-16 Weapon System.","Feb. 28, 2025","Fort Worth, Texas",FA8232-24-4321,"Air Force Life Cycle Management Center, Hill Air Force Base, Utah"
AIR FORCE,Lockheed Martin Aeronautics Co.,"Fort Worth, Texas","$32,581,867",F-16 engineering services,"Feb. 28, 2025","['Fort Worth, Texas', 'Hill Air Force Base, Utah', 'Various outside of the continental U.S. locations']",FA8232-24-F-0041,"Hill AFB, Utah (FA8232-22-D-0004)"
AIR FORCE,CAE USA Inc.,"Tampa, Florida","$23,869,671",Support of the courseware and instruction requirements at the multiple Air Force training locations,"March 31, 2025","['Kirtland Air Force Base, New Mexico', 'Davis-Monthan Air Force Base, Arizona', 'Joint Base Andrews, Maryland', 'Moody Air Force Base, Georgia']",FA8621-24-C-B005,"Air Force Life Cycle Management Center, Wright-Patterson Air Force Base, Ohio"
AIR FORCE,Sierra Nevada Co. LLC,"Sparks, Nevada","$9,729,429",airborne mission networking system,"March 28, 2025","Denver, Colorado; Hurlburt Field, Florida; and Eglin Air Force Base, Florida",FA8509-20-F-0014,"Air Force Life Cycle Management Center, Robins Air Force Base, Georgia"
NAVY,Boeing Co.,"St. Louis, Missouri","$657,090,000","Production and delivery of two additional MQ-25 System Demonstration Test Article aircraft, tooling, and communication system changes for the Navy.",October 2028,"['St. Louis, Missouri (45.43%)', 'Goleta, California (7.2%)', 'Endicott, New York (6.86%)', 'Malabar, Florida (4.93%)', 'San Diego, California (3.82%)', 'Torrance, California (2.86%)', 'Indianapolis, Indiana (2.66%)', 'Clearwater, Florida (1.82%)', 'Longueuil, Quebec, Canada (1.75%)', 'Cedar Rapids Iowa (1.6%)', 'Irvine, California (1.35%)', 'Various locations within the continental U.S. (CONUS) (19.12%)', 'Various locations outside the CONUS (0.60%)']",N0001918C1012,"Naval Air Systems Command, Patuxent River, Maryland"
NAVY,Lockheed Martin Aeronautics Co.,"Fort Worth, Texas","$181,000,000","procure various special tooling and special test equipment in support of F-35 aircraft production for the Air Force, Navy, Marine Corps, and non-U.S. Department of Defense (DOD) participants",January 2027,"Garden Grove, California",N0001924C0011,"Naval Air Systems Command, Patuxent River, Maryland"
NAVY,"BAE Systems, Information and Electronics","Nashua, New Hampshire","$95,300,000","Research, development, and low-rate initial production efforts in support of the integration of the Advanced Survivability Pod for the P-8A aircraft for the Navy",January 2030,"['Nashua, New Hampshire (91.5%)', 'Austin, Texas (6.3%)', 'Patuxent River, Maryland (2.2%)']",N0001924F0095,"Naval Air Systems Command, Patuxent River, Maryland"
NAVY,Northrop Grumman Systems Corp.,"Linthicum Heights, Maryland","$60,341,151",production and delivery of Airborne Electronic Attack System Enhancements B-Kits for Weapons Replacement Assemblies (WRA) 7s and 8s and Low Band Dedicated Receivers (LBDRs),August 2027,"Linthicum Heights, Maryland (80%); and Bethpage, New York (20%)",N0001924C0006,"Naval Air Systems Command, Patuxent River, Maryland"
NAVY,General Dynamics Ordnance and Tactical Systems,"Williston, Vermont","$53,214,351",Production and shipping of Guided Missile MK 82 Director and MK 200 Director Control,January 2027,"Williston, Vermont (50%); Saco, Maine (50%)",N00024-20-D-5109,"Naval Sea Systems Command, Washington D.C."
NAVY,"Raytheon Technologies Corp., Pratt and Whitney Military Engines","East Hartford, Connecticut","$53,062,503","non-recurring engineering in support of early identification, development, and qualification of corrections to potential and actual F135 propulsion system operational issues, to include safety, reliability and maintainability problems identified through fleet usage.",December 2026,"East Hartford, Connecticut (93%); and Indianapolis, Indiana (7%)",N0001924F0010,"Naval Air Systems Command, Patuxent River, Maryland"
NAVY,Raytheon Co.,"Tucson, Arizona","$49,413,549",Procurement of low-rate initial production units of the Navy Marine Expeditionary Ship Interdiction System Launcher,January 2027,"['Tucson, Arizona (15%)', 'Mooresville, North Carolina (15%)', 'Kongsberg, Norway (70%)']",M67854-24-F-1000,"Marine Corps Systems Command, Quantico, Virginia"
NAVY,Amentum Services Inc.,"Germantown, Maryland","$26,477,282","To provide for organizational, selected intermediate, and limited depot level maintenance and logistics support services in support of the F-5 aircraft for the Navy",June 2024,"Yuma, Arizona (28%); Key West, Florida (28%); New Orleans, Louisiana (22%); Beaufort, South Carolina (15%); and Fallon, Nevada (7%)",N0042124D0013,"Naval Air Warfare Center Aircraft Division, Patuxent River, Maryland"
NAVY,"Lockheed Martin, Rotary and Mission Systems","Moorestown, New Jersey","$21,457,275","Canadian Surface Combatant system design, analysis, computer program software development, and integrated logistics support",June 2024,"Moorestown, New Jersey",N00024-23-F-5100,"Naval Sea Systems Command, Washington, D.C."
NAVY,JJLL LLC,"Manila and Zamboanga, Republic of the Philippines","$19,908,128",Philippines operations support services,March 2025,"cities of Manila and Zamboanga, and may include foreign locations within the regions of Southeast Asia, Northeast Asia, and Oceania",N62742-23-C-3550,"Naval Facilities Engineering Systems Command Pacific, Pearl Harbor, Hawaii"
NAVY,"['Lead Builders Inc.,* Newbury Park, California', 'Power Pro Plus Inc.,* Rialto, California', 'SES Civil & Environmental LLC,* Scottsdale, Arizona', 'South Bay EDC Inc.,* Chandler, Arizona', 'Souza Construction Inc.,* Farmersville, California', 'Synergy Electric Co. Inc.,* Santee, California', 'Utility Construction Co.,* Queen Creek, Arizona']","various installations within the Naval Facilities Engineering Systems Command (NAVFAC) Southwest area of responsibility including, but not limited to, California (87%), Arizona (5%), Nevada (3%), Utah (2%), Colorado (2%), and New Mexico (1%)","$495,000,000","new construction, renovation, and repair of dry utilities construction projects",November 2031,N62473-23-D-5202,"NAVFAC Southwest, San Diego, California"
NAVY,Deloitte Consulting LLP,"Arlington, Virginia","$98,883,173",Business management support services for the Navy Digital Transportation Office,November 2028,"Washington, D.C.",N00189-24-D-Z004,"Naval Supply Systems Command Fleet Logistics Center Norfolk, Contracting Department, Pentagon Directorate, Philadelphia, Pennsylvania"
NAVY,Continental Maritime of San Diego LLC,"San Diego, California","$57,048,510",USS Momsen (DDG-92) fiscal 2024 depot modernization period,June 2025,"San Diego, California",N00024-23-C-4410,"Southwest Regional Maintenance Center, San Diego, California"
ARMY,BAE Systems Land & Armaments LP,"York, Pennsylvania","$63,936,542",production and delivery of M109A7 self-propelled howitzers and M992A3 carrier ammunition tracked vehicles,"Dec. 30, 2027","York, Pennsylvania",W56HZV-17-C-0001,"Army Contracting Command, Detroit Arsenal, Michigan"
ARMY,"['Anderson Perry & Associates Inc.', 'Baird-Stantec JV', 'Aterra-Schnabel JV II']","La Grande, Oregon","$15,000,000","architect, engineering and design services","Nov. 8, 2030",to be determined with each order,W912EF-24-D-0001,"U.S. Army Corps of Engineers, Walla Walla, Washington"
ARMY,Northrop Grumman Systems Corp,"Woodland Hills, California","$15,000,000",mission systems flying test bed,"Nov. 8, 2028",to be determined with each order,W911W6-24-D-0003,"Army Contracting Command, Redstone Arsenal, Alabama"
ARMY,Great Lakes Dock and Dredge Co. LLC,"Morgan City, Louisiana","$11,064,750",bay and bar channel dredging,"Feb. 15, 2024","U.S. Army Corps of Engineers, New Orleans, Louisiana",W912P8-24-C-0003
ARMY,Oshkosh Defense LLC,"Oshkosh, Wisconsin","$11,061,234","Joint Light Tactical Vehicle training, maintenance, and fielding support services","Nov. 8, 2024","Oshkosh, Wisconsin",W56HZV-15-C-0095,"Army Contracting Command, Detroit Arsenal, Michigan"
ARMY,Sikorsky Aircraft Corp.,"Stratford, Connecticut","$8,537,428",UH-60M retrofit and maintenance support services,"Nov. 30, 2026","Stratford, Connecticut",W58RGZ-24-C-0004,"Army Contracting Command, Redstone Arsenal, Alabama"
AIR FORCE,Lockheed Martin Aeronautics Co.,"Fort Worth, Texas","$238,000,000",initial spares provisioning for F-16 Systems Program Office Foreign Military Sales support,"Nov. 7, 2033","Fort Worth, Texas",FA8232-24-C-0002,"Air Force Life Cycle Management Center, F-16 Contracting Branch, Hill Air Force Base, Utah"
AIR FORCE,Amentum Services Inc.,"Chantilly, Virginia","$49,800,000","To provide certified, trained, and qualified entry control monitors, observers, and construction surveillance technician support for a re-construction site.","Nov. 8, 2031","Offutt Air Force Base, Nebraska",FA4600-24-D-0001,"55th Contracting Squadron, Offutt AFB, Nebraska"
AIR FORCE,Western Digital Technologies,"San Jose, California","$35,041,091",an Advanced Next Generation Strategic Radiation Hardened Memory,"Nov. 30, 2028","San Jose, California",FA9453‐24‐C X006,"Air Force Research Lab, Space Technology Branch, Kirtland Air Force Base, New Mexico"
DEFENSE LOGISTICS AGENCY,Alaska Slope Regional Corp. Federal Facilities Logistics LLC,"California, Arizona, Utah, and Nevada","$95,000,000","facilities maintenance, repair, and operations supplies.","Sept. 15, 2024",SPE8E3-24-D-0002,"Defense Logistics Agency Troop Support, Philadelphia, Pennsylvania"
DEFENSE LOGISTICS AGENCY,SupplyCore,"Rockford, Illinois","$90,000,000","facilities maintenance, repair, and operations supplies","Sept. 15, 2024",California,SPE8E3-24-D-0001,"Defense Logistics Agency Troop Support, Philadelphia, Pennsylvania"
DEFENSE LOGISTICS AGENCY,Creighton AB Inc.,"Reidsville, North Carolina","$13,260,110",dress coats,"Nov. 14, 2024",New York,SPE1C1-20-D-1274,"Defense Logistics Agency Troop Support, Philadelphia, Pennsylvania"
DEFENSE LOGISTICS AGENCY,"UUSI LLC, doing business as Nartron","Reed City, Michigan","$12,309,504",directional controls,"Nov. 8, 2028",N/A,SPE4A6-24-D-0012,"Defense Logistics Agency Aviation, Richmond, Virginia"
DEFENSE HEALTH AGENCY,IntelliDyne LLC,"Falls Church, Virginia","$13,707,089",bridge contract of previously awarded firm-fixed-price bridge task order to continue network support services at the Defense Health Agency (DHA) headquarters,"Oct. 31, 2024","Defense Health Headquarters, Falls Church, Virginia, along with other locations in Virginia; San Antonio, Texas; Aurora, Colorado; San Diego, California; Great Lakes, Illinois; Silver Spring, Maryland; and Fort Detrick, Maryland",HT001124F0057,"DHA, Professional Services Contracting Division, Falls Church, Virginia"
ARMY,Sikorsky Aircraft Corp,"Stratford, Connecticut","$8,537,428",UH-60M retrofit and maintenance support services,"Nov. 30, 2026","Stratford, Connecticut",W58RGZ-24-C-0004,"Army Contracting Command, Redstone Arsenal, Alabama"
AIR FORCE,Lockheed Martin Aeronautics Co.,"Fort Worth, Texas","$238,000,000",Initial spares provisioning for F-16 Systems Program Office Foreign Military Sales support,"Nov. 7, 2033","Fort Worth, Texas",FA8232-24-C-0002,"Air Force Life Cycle Management Center, F-16 Contracting Branch, Hill Air Force Base, Utah"
AIR FORCE,Amentum Services Inc.,"Chantilly, Virginia","$49,800,000","Provide certified, trained, and qualified entry control monitors, observers, and construction surveillance technician support for a re-construction site.","Nov. 8, 2031","Offutt Air Force Base, Nebraska",FA4600-24-D-0001,"55th Contracting Squadron, Offutt AFB, Nebraska"
DEFENSE LOGISTICS AGENCY,Alaska Slope Regional Corp. Federal Facilities Logistics LLC,"California, Arizona, Utah, and Nevada","$95,000,000","facilities maintenance, repair, and operations supplies","Sept. 15, 2024",SPE8E3-24-D-0002,"Defense Logistics Agency Troop Support, Philadelphia, Pennsylvania"
DEFENSE LOGISTICS AGENCY,SupplyCore,"Rockford, Illinois","$90,000,000","facilities maintenance, repair, and operations supplies","Sept. 15, 2024",California,SPE8E3-24-D-0001,"Defense Logistics Agency Troop Support, Philadelphia, Pennsylvania"
DEFENSE LOGISTICS AGENCY,Creighton AB Inc.,"Reidsville, North Carolina","$13,260,110",dress coats,"Nov. 14, 2024",New York,SPE1C1-20-D-1274,"Defense Logistics Agency Troop Support, Philadelphia, Pennsylvania"
DEFENSE LOGISTICS AGENCY,"UUSI LLC, doing business as Nartron","Reed City, Michigan","$12,309,504",directional controls,"Nov. 8, 2028",N/A,SPE4A6-24-D-0012,"Defense Logistics Agency Aviation, Richmond, Virginia"
DEFENSE HEALTH AGENCY,IntelliDyne LLC,"Falls Church, Virginia","$13,707,089",network support services at the Defense Health Agency (DHA) headquarters,"Oct. 31, 2024","Defense Health Headquarters, Falls Church, Virginia, along with other locations in Virginia; San Antonio, Texas; Aurora, Colorado; San Diego, California; Great Lakes, Illinois; Silver Spring, Maryland; and Fort Detrick, Maryland",HT001124F0057,"DHA, Professional Services Contracting Division, Falls Church, Virginia"
NAVY,Vigor Marine LLC,"Seattle, Washington","124,223,521","furnish the material, support, and facilities; and provide the management, technical, procurement, production, testing, and quality assurance necessary to prepare and accomplish the repairs and alterations required to complete the fiscal 2024 dry-docking selected restricted availability onboard the USS Barry",June 2025,"Seattle, Washington",N4523A24C0551,"Puget Sound Naval Shipyard and Intermediate Maintenance Facility, Bremerton, Washington"
NAVY,Systems Planning and Analysis Inc.,"Alexandria, Virginia","$90,802,247","Trident II Strategic Weapons System technical support services supporting the Common Missile Compartment program, D5 Life Extension 2 program, Strategic Systems Program (SSP) Facilities Management, Activation and Assessments and Missile Systems program.","April 14, 2029","Alexandria, Virginia (86%); SSP Headquarters, Washington Navy Yard, Washington D.C. (14%)",not provided,"SSP, Washington, D.C."
NAVY,Conti Federal Services LLC,"Orlando, Florida","$14,998,242",P-242 Combat Rescue Helicopter Simulator Facility,December 2025,"Aviano, Italy",N62470-24-C-0002,"Naval Facilities Engineering Systems Command Atlantic, Norfolk, Virginia"
NAVY,CEG-Montrose 8(a) JV LLC,"Pottstown, Pennsylvania","$10,000,000","architect-engineer, environmental, technical, and engineering services",September 2028,various locations within the NAVFAC Southeast area of responsibility,N69450-23-D-0126,"NAVFAC Southeast, Jacksonville, Florida"
ARMY,"['Tetra Tech Inc.', 'Jacobs Government Services Co.', 'AECOM International Inc.']","Marlborough, Massachusetts","$9,000,000",provide architect-engineering services for U.S. Africa Command,"May 7, 2029",to be determined with each order,W912GB-24-D-0006,"U.S. Army Corps of Engineers, European District"
DEFENSE LOGISTICS AGENCY,American Apparel Inc.,"Selma, Alabama","$31,699,789",men's all-weather coats,"Nov. 7, 2028",Not specified,SPE1C1-24-D-0015,"Defense Logistics Agency Troop Support, Philadelphia, Pennsylvania"
ARMY,Lockheed Martin Missiles and Fire Control,"Grand Prairie, Texas","$503,677,175",Patriot Advanced Capability-3 logistics support,"May 25, 2026",To be determined with each order,W31P4Q-22-D-0022,"Army Contracting Command, Redstone Arsenal, Alabama"
ARMY,"NIKA Technologies Inc.,* Rockville, Maryland","U.S. Army Corps of Engineers, Huntsville, Alabama","$336,001,800",facility support services,"Nov. 6, 2030",locations and funding will be determined with each order,W912DY-24-D-0004,"U.S. Army Corps of Engineers, Huntsville, Alabama"
ARMY,OST Inc.,"McLean, Virginia","$97,400,000","systems engineering and technical assistance services in support of Program Executive Office for Simulation, Training, and Instrumentation","Nov. 9, 2025",to be determined with each order,W900KK-17-D-0002,"U.S. Army Contracting Command, Orlando, Florida"
ARMY,Bigelow Family Holdings LLC,"Sterling Heights, Michigan","$87,413,330",reactive armor tiles,"Nov. 5, 2026",To be determined with each order,W56HZV-24-D-0003,"Army Contracting Command, Detroit Arsenal, Michigan"
ARMY,Gunderson Marine LLC,"Portland, Oregon","$43,572,000","design, construct, test, and deliver a steel floating pier barge","Feb. 24, 2026","Portland, Oregon",W912BU-24-C-0046,"U.S. Army Corps of Engineers, Philadelphia, Pennsylvania"
ARMY,Booz Allen Hamilton Inc.,"McLean, Virginia","$17,661,515",AH-64E technical support,"Nov. 3, 2024","Huntsville, Alabama",W31P4Q-21-F-B004,"Army Contracting Command, Redstone Arsenal, Alabama"
ARMY,Louis Berger Hawthorne Services Inc.,"Greenville, South Carolina","$9,090,309",recurring maintenance and minor repair services for petroleum facilities,"Dec. 30, 2028","Ridgecrest, California; and Fallon, Nevada",W912DY-24-F-0001,"U.S. Army Corps of Engineers, Huntsville, Alabama"
DEFENSE HEALTH AGENCY,Advanced Management Strategies Group Inc.,"Dumfries, Virginia","$58,528,731",Recovery Coordination Program support services,"Oct. 16, 2024",various locations in the continental U.S.,HT001123C0080,"DHA, Professional Services Contracting Division, Falls Church, Virginia"
DEFENSE LOGISTICS AGENCY,Excel Garment Manufacturing Ltd.,"El Paso, Texas","$29,333,640",collapsible deployment bags,"Nov. 6, 2026",N/A,SPE1C1-24-D-0008,"Defense Logistics Agency Troop Support, Philadelphia, Pennsylvania"
DEFENSE LOGISTICS AGENCY,Melling LLC,"Alexandria, Virginia","$8,750,000",medical surgical supplies for the Defense Logistics Agency Electronic Catalog,N/A,N/A,SPE2DE-24-D0003,Defense Logistics Agency
NAVY,Innovative Defense Technologies LLC,"Arlington, Virginia","$16,352,342",Engineering labor and support requirements for automated test and analysis capability supporting Navy surface combatant combat system development,November 2024,"Arlington, Virginia (40%); Mount Laurel, New Jersey (39%); Kauai, Hawaii (10%); White Sands, New Mexico (9%); and various at-sea events (2%)",N00024-21-C-5100,"Naval Sea Systems Command, Washington, D.C."
NAVY,General Dynamics Electric Boat Corp.,"Groton, Connecticut","$10,305,619",lead yard support and development studies and design efforts related to Virginia Class submarines,August 2025,continental U.S.,N00024-20-C-2120,"Naval Sea Systems Command, Washington, D.C."
NAVY,Peraton Technology Services Inc.,"Chantilly, Virginia","$9,000,000",ongoing development and delivery of Theater Mission Planning Center subsystems software upgrades,November 2024,"Santa Clara, California (86.42%); and various locations within the continental U.S. (13.58%)",N0001924F0007,"Naval Air Systems Command, Patuxent River, Maryland"
AIR FORCE,Kratos Technology & Training Solutions Inc.,"San Diego, California","$579,000,000",Command-and-Control System Consolidated (CCS-C) Sustainment and Resiliency,"May 30, 2032","['Schriever Space Force Base, Colorado', 'Vandenberg SFB, California', 'Peterson SFB, Colorado']",FA8823-23-D-0001,"Space Systems Command, Peterson SFB, Colorado"
ARMY,Sikorsky Aircraft Corp.,"Stratford, Connecticut","$44,576,288",specialized engineering analysis test and technical services,"March 21, 2026",to be determined with each order,W911W6-21-D-0001,"Army Contracting Command, Redstone Arsenal, Alabama"
ARMY,Oshkosh Defense,"Oshkosh, Wisconsin","$208,890,271",Joint Light Tactical Vehicles,,,W56HZV-15-C-0095,
NAVY,Northrop Grumman Systems Corp.,"San Diego, California","$36,262,469",To procure software engineering services to customize the latest Windows version of Northrop Grumman Systems Corp. ICS software to meet Taipei Economic and Cultural Representative Office (TECRO) specific requirements.,November 2026,"['San Diego, California (90%)', 'Taiwan (10%)']",N0003924C4000,"Naval Information Warfare Systems Command, San Diego, California"
NAVY,Lockheed Martin Corp.,"Syracuse, New York","$26,330,635",design and submarine equipment,August 2025,"Syracuse, New York",N00024-24-F-6214,"Naval Sea Systems Command, Washington, D.C."
NAVY,Innovative Defense Technologies LLC,"Arlington, Virginia","$16,352,342",Engineering labor and support requirements for Automated Test and Analysis capability supporting Navy surface combatant combat system development,November 2024,"Arlington, Virginia (40%); Mount Laurel, New Jersey (39%); Kauai, Hawaii (10%); White Sands, New Mexico (9%); and various at-sea events (2%)",N00024-21-C-5100,"Naval Sea Systems Command, Washington, D.C."
ARMY,"County of Osceola, Kissimmee, Florida","Kissimmee, Florida","$289,114,603","To develop a domestic, trusted, pure-play and open-access advanced packaging ecosystem for low-volume/high-mix production of 2.5-D and 3-D Advanced System Integration and Packaging secure solutions.","Oct. 27, 2028","Kissimmee, Florida",W519TC-24-9-2005,"Army Contracting Command, Rock Island Arsenal, Illinois"
ARMY,Oshkosh Defense,"Oshkosh, Wisconsin","$208,890,089",Joint Light Tactical Vehicles,"Sept. 25, 2025","Oshkosh, Wisconsin",W56HZV-15-C-0095,"U.S. Army Corps of Engineers, Detroit, Michigan"
ARMY,Stevenson Environmental Services Inc.,"Kearny, New Jersey","$41,928,702",environmental remediation of the Diamond Head Oil Superfund Site,"Nov. 2, 2028",W912DQ-24-C-3000,"U.S. Army Corps of Engineers, Kansas City, Missouri"
NAVY,BAE Systems Land & Armaments LP,"Sterling Heights, Michigan","$211,477,415","Procurement of 40 full rate production ACV Personnel variants and associated production, fielding and support costs, and support & test equipment",February 2026,"York, Pennsylvania (60%); Aiken, South Carolina (15%); San Jose, California (15%); Sterling Heights, Michigan (5%); and Stafford, Virginia (5%)",M67854-16-C-0006,"Marine Corps Systems Command, Quantico, Virginia"
NAVY,Professional Analysis Inc.,"Alexandria, Virginia","$74,392,335","Provide worldwide logistics services in the following eight functional areas: lifecycle logistics support, special materials type desk support, material handling equipment and ordnance handling equipment support, ships acquisition support, consolidated maintenance and logistics system support, combat logistics force support, ordnance management support, and supply chain support.","Oct. 19, 2028",Worldwide,N3220524C4140,"Military Sealift Command, Norfolk, Virginia"
NAVY,General Dynamics Electric Boat Corp.,"Groton, Connecticut","$35,264,435","reactor plant planning yard support for nuclear-powered submarines, and support yard for the Navy’s moored training ships",September 2024,"Groton, Connecticut",N00024-20-C-2114,"Naval Sea Systems Command, Washington, D.C."
NAVY,General Dynamics Electric Boat Corp.,"Groton, Connecticut","$15,823,616",engineering and technical design effort to support research and development concept formulation for current and future submarine platforms,September 2024,"['Groton, Connecticut (96%)', 'Bremerton, Washington (2%)', 'Kings Bay, Georgia (1%)', 'Newport, Rhode Island (1%)']",N00024-21-C-2103,"Naval Sea Systems Command, Washington, D.C."
NAVY,General Dynamics Electric Boat Corp.,"Groton, Connecticut","$9,590,245",rotatable pool material,"Dec. 29, 2028","Groton, Connecticut",N00024-19-C-2125,"Supervisor of Shipbuilding Conversion and Repair, Groton, Connecticut"
NAVY,Huntington Ingalls Inc.,"Newport News, Virginia","$8,791,995","Planning and design yard activities for Standard Navy Valves installed in commissioned nuclear-powered submarines, submersibles, and aircraft carriers.",Not specified,"Newport News, Virginia",N00024-22-C-2105,"Naval Sea Systems Command, Washington, D.C."
DEFENSE LOGISTICS AGENCY,Goodwill Industries of South Florida Inc.,"Miami, Florida","$15,175,195",women's service uniform dress slacks,"Nov. 2, 2028",N/A,SPE1C1-24-D-N004,"Defense Logistics Agency Troop Support, Philadelphia, Pennsylvania"
DEFENSE LOGISTICS AGENCY,Trijicon Inc.,"Wixom, Michigan","$13,393,381",bore-sight optic riflescopes,"Oct. 27, 2028",N/A,SPRDL1-24-D-0002,"Defense Logistics Agency Land and Maritime, Warren, Michigan"
ARMY,Inter-Coastal Electronics LLC,"Mesa, Arizona","$92,272,836","fabricate, test, qualify, deliver, install, train, troubleshoot, repair, and support the Aviation Training System","Nov. 2, 2028",to be determined with each order,W900KK-24-D-0001,"Army Contracting Command, Orlando, Florida"
ARMY,GMH-C JV LLC,"Jacksonville, Florida","$49,500,000","sustainment, renovation, modernization, and construction projects","Dec. 3, 2026",to be determined with each order,W91248-24-D-4004,"419th Contracting Support Brigade, Fort Campbell, Kentucky"
ARMY,Lockheed Martin Global Inc.,"Orlando, Florida","$82,645,352",mobile and permanent advanced gunnery training systems,,,W900KK-24-C-0004,
ARMY,Osprey Management LLC,"Atlanta, Georgia","$49,500,000","sustainment, renovation, modernization and construction projects",N/A,N/A,W91248-24-D-4005,N/A
NAVY,Applied Technology Inc.,"King George, Virginia","$90,502,527",research and development support for Tactical Electronic Warfare,November 2024,"Naval Research Laboratory (NRL), Washington, D.C.",N0017324D2001,"NRL, Washington, D.C."
NAVY,KBR Diego Garcia LLC,"Houston, Texas","$64,714,169",base operations support services at Naval Support Facility Diego Garcia,November 2024,"Diego Garcia, British Indian Ocean Territory",N62742-17-D-3600,"Naval Facilities Engineering Systems Command, Far East, Yokosuka, Japan"
NAVY,Northrop Grumman Systems Corp.,"Melbourne, Florida","$31,805,192","To extend software support activity (SSA) services to align with the extension of the E-2D Advanced Hawkeye full rate production, Lot 11, for the Navy.",March 2024,"Melbourne, Florida (83.7%); Liverpool, New York (10.7%); Greenlawn, New York (4.6%); and various locations within the continental U.S. (1%)",N0001918C1037,"Naval Air Systems Command, Patuxent River, Maryland"
NAVY,The Boeing Co.,"St. Louis, Missouri","$8,706,672","Production and delivery of 90 retrofit kits, associated supplies, and services to support fielding the current Tactical Targeting Network Technology capability in EA-18G and F/A-18F/AEA-18F aircraft",May 2026,"['St. Louis, Missouri (82%)', 'Mesa, Arizona (18%)']",N0001924F0173,"Naval Air Systems Command, Patuxent River, Maryland"
ARMY,ABCD Geotechnical-JV LLC,"Nashville, Tennessee","$20,000,000",architect-engineer services,"Oct. 31, 2028",determined with each order,W912EK-24-D-0001,"Army Contracting Command, Rock Island Arsenal, Illinois"
DEFENSE LOGISTICS AGENCY,BRZ Investment & Consulting LLC,"Boynton Beach, Florida","$247,744,050",Various types of fuel,"June 30, 2028","Colorado, Idaho, Illinois, Iowa, Kansas, Michigan, Minnesota, Nebraska, New Mexico, North Dakota, Oklahoma, South Dakota, Texas, Wisconsin and Wyoming",SPE605-24-D-4502
AIR FORCE,Lockheed Martin Missiles and Fire Control,"Orlando, Florida","$176,198,704",production of additional 61 Lot 8 Long Range Anti-Ship Missiles with containers and initial spares,"July 18, 2027","Orlando, Florida; and Troy, Alabama",FA8682-23-C-B001,"Air Force Life Cycle Management Center, Eglin Air Force Base, Florida"
AIR FORCE,Telecote Research Inc.,"Goleta, California","$21,949,118",software development operations environment,"Oct. 31, 2024","El Segundo, California",FA8806-20-F-0001,"Space Systems Command, Los Angeles Air Force Base, California"
AIR FORCE,MCR Federal LLC,"McLean, Virginia","$9,433,467",software development operations environment,"Oct. 31, 2024","El Segundo, California",FA8806-20-F-0002,"Space Systems Command, Los Angeles Air Force Base, California"
AIR FORCE,PAE Applied Technologies LLC,"Arlington, Virginia","$8,402,045",Base operations support at Forward Operating Location Curacao,"Oct. 31, 2024",Curacao,FA4890-23-C-0003,"Air Combat Command Acquisition, Management and Integration Center, Joint Base Langley-Eustis, Virginia"
NAVY,MIL Corp.,"Bowie, Maryland","$54,299,122","Global Radio Frequency and Intelligence Networks (GRFIN) related top secret/sensitive compartmented information requirements to be completed in support of the integration and installation of GRFIN related technologies, systems and equipment; the update and modernization of existing systems and equipment; and the use of legacy, current, and emerging GRFIN technologies to meet unique requirements in support of the Naval Air Warfare Center Aircraft Division (NAWCAD) Webster Outlying Field Integrated Command, Control and Intel Division.",April 2026,"St. Inigoes, Maryland",N0042121D0010,"NAWCAD, Patuxent River, Maryland"
NAVY,Resource Management Concepts Inc.,"Lexington Park, Maryland","$46,166,398","continued research development, test and evaluation (RDT&E) network engineering, infrastructure design, installation, and operations, as well as system administration across the entire RDT&E environment, to the Naval Air Systems Command RDT&E networking and computing infrastructure",September 2024,"Patuxent River, Maryland (85%); St. Inigoes, Maryland (9%); Cherry Point, North Carolina (2%); Jacksonville, Florida (2%); and San Diego, California (2%)",N0042119D0065,"Naval Air Warfare Center Aircraft Division, Patuxent River, Maryland"
NAVY,General Atomics Aeronautical Systems Inc.,"Poway, California","$10,844,293","Procurement, transportation, and installation of delta support equipment at seven operational sites, as well as associated non-recurring engineering in support of flight and strike operations of the Marine Air Ground Task Force Unmanned Aircraft System Expeditionary Medium Altitude Long Endurance MQ-9A Block 5 Reaper air vehicles and Ground Control Stations for the Marine Corps.",September 2025,"['Poway, California (60%)', 'Saber Springs, California (20%)', 'Grey Butte, California (20%)']",N0001923F0021,"Naval Air Systems Command, Patuxent River, Maryland"
NAVY,Northrop Grumman Systems Corp.,"San Diego, California","$542,926,499",Production and delivery of MQ-4C Triton Unmanned Aircraft System Low-Rate Initial Production Lot Six,January 2028,"['San Diego, California', 'Palmdale, California', 'Red Oak, Texas', 'Linthicum, Maryland', 'Grand Rapids, Michigan', 'Bridgeport, West Virginia', 'Indianapolis, Indiana', 'Rolling Meadows, Illinois', 'Moss Point, Mississippi', 'Chantilly, Virginia', 'Longueil, Quebec, Canada', 'San Clemente, California', 'Various locations within of the continental U.S. (CONUS)', 'Various locations outside of the CONUS']",N0001919C0008,"Naval Air Systems Command, Patuxent River, Maryland"
NAVY,Collins Aerospace,"Cedar Rapids, Iowa","$10,490,356",repair the heads up displays on the F/A-18 aircrafts,September 2029,"Greenwood, Indiana",N00383-24-F-0SS0,"Naval Supply Systems Command Weapon Systems Support, Philadelphia, Pennsylvania"
DEFENSE LOGISTICS AGENCY,Vitol Aviation Co.,"Houston, Texas","$215,606,200",F76 marine diesel fuel and JA1 jet turbine fuel,"Dec. 31, 2024","outside the continental U.S. in the Western Pacific, and Middle East regions",SPE602-24-D-0458,"Defense Logistics Agency Energy, Fort Belvoir, Virginia"
AIR FORCE,Lockheed Martin Aeronautics Co.,"Fort Worth, Texas","$177,048,070",F-16 Systems Program Office Foreign Military Sales support,"Nov. 30, 2032","['Fort Worth, Texas', 'Greenville, South Carolina', 'Chile']",FA8232-24-C-0001,"Air Force Life Cycle Management Center, Hill Air Force Base, Utah"
AIR FORCE,Northrop Grumman Systems Corp.,"Melbourne, Florida; and Warner Robins, Georgia","$21,086,635","support, sustainment, and closeout of the E-8C Joint Surveillance Target Attack Radar System weapon system","Oct. 31, 2024","Melbourne, Florida",FA8529-23-D-0001,"Air Force Life Cycle Management Center, Robins Air Force Base, Georgia"
AIR FORCE,Peraton Inc.,"Bellevue, Nebraska; and Offutt Air Force Base, Nebraska","$14,885,326","commercial agile software development services in support of the Command and Control, Software Engineering and Support 4 suite of software applications","Feb. 28, 2025",FA2217-24-F-B001,"Air Force Life Cycle Management Center, Offutt AFB, Nebraska"
ARMY,Lockheed Martin Global Inc.,"Orlando, Florida","$82,645,352",mobile and permanent advanced gunnery training systems,"July 22, 2027","Wesola, Poland",W900KK-24-C-0004,"Army Contracting Command, Orlando, Florida"
ARMY,Osprey Management LLC,"Atlanta, Georgia","$65,905,000","sustainment, renovation, modernization and construction projects","Dec. 3, 2026",to be determined with each order,W91248-24-D-4005,419th Contracting Support Brigade
ARMY,Callan Marine Ltd.,"Corpus Christi, Texas","$34,605,893",construct a redesigned revetment,"Feb. 24, 2025","Corpus Christi, Texas",W912HY-20-C-0009,"U.S. Army Corps of Engineers, Galveston, Texas"
ARMY,Cashman Dredging & Marine Contracting Co. LLC,"Baltimore, Maryland","$29,131,250",maintenance dredging,"March 31, 2024","Baltimore, Maryland",W912DR-24-C-0006,"U.S. Army Corps of Engineers, Baltimore, Maryland"
ARMY,Rheinmetall Waffe Munition GMBH,"Trittau, Germany","$9,400,000",high-energy cannon system parts and maintenance,"Oct. 30, 2028",to be determined with each order,W911QX-24-D-0002,"Army Contracting Command, Aberdeen Proving Ground, Maryland"
MISSILE DEFENSE AGENCY,ASRC Federal Cyber LLC,"Columbia, Maryland","$99,578,037","to provide 24 hours a day, seven days a week maintenance, repair, and sustainment services for the facilities, real property, and building equipment at the Missile Defense Complex and Cantonment area in Fort Greely, Alaska",December 2028,"Fort Greely, Alaska",HQ0856-24-C-0001,"MDA, Redstone Arsenal, Alabama"
